subject,event,sources,transcript,status,best_score,best_asset,best_title,titles,vimeo_urls,youtube_ids
Aaron Bedra,"","vimeo,youtube",no,present_by_platform_id,0.90,aaron-bedra-general,Aaron Bedra,Aaron Bedra | Interview with Aaron Bedra,http://vimeo.com/51956852,""
Aaron Holbrook,"","vimeo,youtube",no,present_by_platform_id,0.90,aaron-holbrook-general,Aaron Holbrook,Aaron Holbrook | Interview with Aaron Holbrook,http://vimeo.com/64894387,""
Aaron Kalin,"","vimeo,youtube",no,present_by_platform_id,0.90,aaron-kalin-chicagowebconf-2012,Aaron Kalin,Aaron Kalin | Interview with Aaron Kalin,http://vimeo.com/50904366,""
Aaron Patterson Ruby & Rails Core team member and keynote speaker,RailsConf 2014,youtube,no,likely_present_by_title,0.90,aaron-patterson-ruby-rails-core-team-member-keynote-speaker-railsconf-2014,Interview with Aaron Patterson Ruby & Rails Core team member and keynote speaker at RailsConf 2014,Interview with Aaron Patterson Ruby & Rails Core team member and keynote speaker at RailsConf 2014,"",""
Adam Grandy,"","vimeo,youtube",no,present_by_platform_id,0.90,adam-grandy-windycityrails-2012,Adam Grandy,Adam Grandy | Interview with Adam Grandy,http://vimeo.com/49275718,""
Adewale Oshineye,"",youtube,no,likely_present_by_title,0.90,adewale-oshineye-software-craftsmanship-north-america-2013,Adewale Oshineye,Interview with Adewale Oshineye,"",""
Adewale Oshineye co-author of Apprenticeship Patterns,"",youtube,no,likely_present_by_title,0.90,interview-with-adewale-oshineye-co-author-of-apprenticeship-patterns-general,Interview with Adewale Oshineye co-author of Apprenticeship Patterns,Interview with Adewale Oshineye co-author of Apprenticeship Patterns,"",""
Adewale Oshineye.mp4,"",vimeo,no,present_by_platform_id,0.33,adewale-oshineye-general,Interview with Adewale Oshineye,Adewale Oshineye.mp4,http://vimeo.com/90550217,""
Adewale Oshinye,"",vimeo,no,present_by_platform_id,0.90,adewale-oshinye-software-craftsmanship-north-america-2012,Adewale Oshinye,Adewale Oshinye,http://vimeo.com/54327050,""
Adrian Cockcroft keynote speaker for GOTO Chicago 2014,"",youtube,no,likely_present_by_title,0.90,youtube-gdd7Cp_ZANY,Interview with Adrian Cockcroft keynote speaker for GOTO Chicago 2014,Interview with Adrian Cockcroft keynote speaker for GOTO Chicago 2014,"",""
Aino Vonge Corry an speaker introducer,GOTO Chicago 2014,youtube,no,likely_present_by_title,0.53,youtube-jkg0VMNnEuc,Interview with Aino Vonge Corry a speaker introducer at GOTO Chicago 2014,Interview with Aino Vonge Corry an speaker introducer at GOTO Chicago 2014,"",""
Alex Rutkowski & Joel Friedman on remote pairing,GOTO Chicago 2014,youtube,no,likely_present_by_title,0.90,youtube-7C9B9jO2Vrk,Interview with Alex Rutkowski & Joel Friedman on remote pairing at GOTO Chicago 2014,Interview with Alex Rutkowski & Joel Friedman on remote pairing at GOTO Chicago 2014,"",""
Alexander Dymo on his Ruby Performance talk,RailsConf 2014,youtube,no,likely_present_by_title,0.90,alexander-dymo-ruby-performance-talk-railsconf-2014,Interview with Alexander Dymo on his Ruby Performance talk at RailsConf 2014,Interview with Alexander Dymo on his Ruby Performance talk at RailsConf 2014,"",""
Amitai Schlair,"",youtube,no,likely_present_by_title,0.90,amitai-schlair-software-craftsmanship-north-america-2013,Amitai Schlair,Interview with Amitai Schlair,"",""
Amitai Schlair.mp4,"",vimeo,no,present_by_platform_id,0.33,interview-with-amitai-schlair-general,Interview with Amitai Schlair,Amitai Schlair.mp4,http://vimeo.com/90550218,""
Amy Kinney,"",youtube,no,likely_present_by_title,0.90,amy-kinney-general,Interview with Amy Kinney,Interview with Amy Kinney,"",""
Andrea Magnorsky,"","vimeo,youtube",no,present_by_platform_id,0.90,andrea-magnorsky-general,Andrea Magnorsky,Andrea Magnorsky | Interview with Andrea Magnorsky,http://vimeo.com/59963878,""
Andy Lester,"",youtube,no,likely_present_by_title,0.90,andy-lester-chicagowebconf-2012,Andy Lester,Interview with Andy Lester,"",""
Andy Lester.mov,"",vimeo,no,present_by_platform_id,0.40,andy-lester-chicagowebconf-2012,Andy Lester,Andy Lester.mov,http://vimeo.com/50904365,""
Angelique Martin,"","vimeo,youtube",no,present_by_platform_id,0.90,angelique-martin-general,Angelique Martin,Angelique Martin | Interview with Angelique Martin,http://vimeo.com/49469070,""
Angelique Martin.mp4,"",vimeo,no,present_by_platform_id,0.50,angelique-martin-general,Angelique Martin,Angelique Martin.mp4,http://vimeo.com/89909954,""
angleBracket w/Pat Paasch & Clark Sell,"",vimeo,no,present_by_platform_id,1.00,pat-paasch-clark-sell-anglebracket-anglebracket,angleBracket w/Pat Paasch & Clark Sell,angleBracket w/Pat Paasch & Clark Sell,http://vimeo.com/38713715,""
Anita Sengupta,GOTO Chicago 2015,youtube,no,likely_present_by_title,0.90,interview-with-anita-sengupta-goto-chicago-2015-general,Interview with Anita Sengupta @ GOTO Chicago 2015,Interview with Anita Sengupta @ GOTO Chicago 2015,"",""
Anna Lear,"",youtube,no,likely_present_by_title,0.90,interview-with-anna-lear-general,Interview with Anna Lear,Interview with Anna Lear,"",""
Anthony Zinni and Jon Buda and Shay Howe,"",youtube,no,likely_present_by_title,0.90,interview-with-anthony-zinni-and-jon-buda-and-shay-howe-general,Interview with Anthony Zinni and Jon Buda and Shay Howe,Interview with Anthony Zinni and Jon Buda and Shay Howe,"",""
Arthur Kay,"","vimeo,youtube",no,present_by_platform_id,0.90,arthur-kay-general,Arthur Kay,Arthur Kay | Interview with Arthur Kay,http://vimeo.com/63577942,""
Ashe Dryden,"","vimeo,youtube",no,present_by_platform_id,0.90,ashe-dryden-general,Ashe Dryden,Ashe Dryden | Interview with Ashe Dryden,http://vimeo.com/65153113,""
Avdi Grimm,"",vimeo,no,present_by_platform_id,0.90,avdi-grimm-general,Avdi Grimm,Avdi Grimm,http://vimeo.com/62609424,""
Benjamin Oakes,"","vimeo,youtube",no,present_by_platform_id,0.90,benjamin-oakes-windycityrails-2012,Benjamin Oakes,Benjamin Oakes | Interview with Benjamin Oakes,http://vimeo.com/49265043,""
Bill Scott,"",youtube,no,likely_present_by_title,0.90,bill-scott-general,Interview with Bill Scott,Interview with Bill Scott,"",""
Bobby Johnson,"",youtube,no,likely_present_by_title,0.90,bobby-johnson-south-sound-net-software-craftsmanship-north-america-2011,South Sound .NET w/Bobby Johnson,Interview with Bobby Johnson,"",""
Boston SC w/Zach Shaw,"",vimeo,no,present_by_platform_id,0.90,zach-shaw-boston-sc-software-craftsmanship-north-america-2011,Boston SC w/Zach Shaw,Boston SC w/Zach Shaw,http://vimeo.com/32400279,""
Brad Wilkening,"","vimeo,youtube",no,present_by_platform_id,0.90,brad-wilkening-software-craftsmanship-north-america-2012,Brad Wilkening,Brad Wilkening | Interview with Brad Wilkening,http://vimeo.com/54327054,""
Brian Liles,"",vimeo,no,present_by_platform_id,0.90,brian-liles-windycityrails-2012,Brian Liles,Brian Liles,http://vimeo.com/49265045,""
Brian Marick,"","vimeo,youtube",no,present_by_platform_id,0.90,brian-marick-software-craftsmanship-north-america-2012,Brian Marick,Brian Marick | Interview with Brian Marick,http://vimeo.com/54327055,""
Brian Ray,"",youtube,no,likely_present_by_title,0.90,brian-ray-chipy-chipy,ChiPy w/Brian Ray,Interview with Brian Ray,"",""
Bryan Liles,"",youtube,no,likely_present_by_title,0.90,interview-with-bryan-liles-general,Interview with Bryan Liles,Interview with Bryan Liles,"",""
Camille Fournier on rewriting software,GOTO Chicago 2014,youtube,no,likely_present_by_title,0.90,youtube-U3PuqsQ7mUU,Interview with Camille Fournier on rewriting software at GOTO Chicago 2014,Interview with Camille Fournier on rewriting software at GOTO Chicago 2014,"",""
Carina C  Zona,"",youtube,no,likely_present_by_title,0.90,interview-with-carina-c-zona-general,Interview with Carina C  Zona,Interview with Carina C  Zona,"",""
Carl Erickson,"","vimeo,youtube",no,present_by_platform_id,0.90,carl-erickson-software-craftsmanship-north-america-2012,Carl Erickson,Carl Erickson | Interview with Carl Erickson,http://vimeo.com/54327059,""
Carlos Antonio da Silva a Rails Core team member,RailsConf 2014,youtube,no,likely_present_by_title,0.90,carlos-antonio-da-silva-rails-core-team-member-railsconf-2014,Interview with Carlos Antonio da Silva a Rails Core team member at RailsConf 2014,Interview with Carlos Antonio da Silva a Rails Core team member at RailsConf 2014,"",""
Carolyn Chandler,"",youtube,no,likely_present_by_title,0.90,interview-with-carolyn-chandler-general,Interview with Carolyn Chandler,Interview with Carolyn Chandler,"",""
Charles Nutter,GOTO Chicago 2015,youtube,no,likely_present_by_title,0.90,charles-oliver-nutter-general,Charles Oliver Nutter,Interview with Charles Nutter @ GOTO Chicago 2015,"",""
Charles Oliver Nutter,"","vimeo,youtube",no,present_by_platform_id,0.90,charles-oliver-nutter-general,Charles Oliver Nutter,Charles Oliver Nutter | Interview with Charles Oliver Nutter,http://vimeo.com/63577941,""
Charley Baker,"",youtube,no,likely_present_by_title,0.90,interview-with-charley-baker-general,Interview with Charley Baker,Interview with Charley Baker,"",""
Chet Hendrickson & Ron Jefferies,"","vimeo,youtube",no,present_by_platform_id,0.90,chet-hendrickson-ron-jefferies-software-craftsmanship-north-america-2013,Chet Hendrickson & Ron Jefferies,Chet Hendrickson & Ron Jefferies | Interview with Chet Hendrickson & Ron Jefferies,http://vimeo.com/90550223,""
Chicago Alt.NET w/Sergio Pereira,"",vimeo,no,present_by_platform_id,0.90,sergio-pereira-chicago-alt-net-software-craftsmanship-north-america-2011,Chicago Alt.NET w/Sergio Pereira,Chicago Alt.NET w/Sergio Pereira,http://vimeo.com/32355187,""
Chicago Software Craftsmanship w/Steve Kim and Jim Suchy,"",vimeo,no,present_by_platform_id,1.00,steve-kim-jim-suchy-chicago-software-craftsmanship-chicago-software-craftsmanship,Chicago Software Craftsmanship w/Steve Kim and Jim Suchy,Chicago Software Craftsmanship w/Steve Kim and Jim Suchy,http://vimeo.com/41882969,""
ChicagoRuby w/Ray Hightower,"",vimeo,no,present_by_platform_id,0.90,ray-hightower-chicagoruby-software-craftsmanship-north-america-2011,ChicagoRuby w/Ray Hightower,ChicagoRuby w/Ray Hightower,http://vimeo.com/32390600,""
ChiPy w/Brian Ray,"",vimeo,no,present_by_platform_id,1.00,brian-ray-chipy-chipy,ChiPy w/Brian Ray,ChiPy w/Brian Ray,http://vimeo.com/40267250,""
Chris Whitaker,"",youtube,no,likely_present_by_title,0.90,interview-with-chris-whitaker-general,Interview with Chris Whitaker,Interview with Chris Whitaker,"",""
Cindy Sprague a lead organizer with GOTO Chicago 2014,"",youtube,no,likely_present_by_title,0.90,youtube-eBgjbcsS4TI,Interview with Cindy Sprague a lead organizer with GOTO Chicago 2014,Interview with Cindy Sprague a lead organizer with GOTO Chicago 2014,"",""
Cleveland & Pittsburgh Community w/Michael Norton,"",vimeo,no,present_by_platform_id,0.90,michael-norton-cleveland-pittsburgh-community-software-craftsmanship-north-america-2011,Cleveland & Pittsburgh Community w/Michael Norton,Cleveland & Pittsburgh Community w/Michael Norton,http://vimeo.com/32400413,""
Colin Jones,"","vimeo,youtube",no,present_by_platform_id,0.90,colin-jones-software-craftsmanship-north-america-2012,Colin Jones,Colin Jones | Interview with Colin Jones,http://vimeo.com/54327164,""
Coraline Ada Ehmke on Artis,"",youtube,no,likely_present_by_title,0.90,coraline-ada-ehmke-artis-railsconf-2014,Interview with Coraline Ada Ehmke on Artis,Interview with Coraline Ada Ehmke on Artis,"",""
Corey Haines,"","vimeo,youtube",no,present_by_platform_id,0.90,corey-haines-general,Corey Haines,Corey Haines | Interview with Corey Haines,http://vimeo.com/50863074,""
Cory Foy,"","vimeo,youtube",no,present_by_platform_id,0.90,cory-foy-software-craftsmanship-north-america-2012,Cory Foy,Cory Foy | Interview with Cory Foy,http://vimeo.com/54327163,""
Courtney Hemphill on Mixing Lean & Agile Development,GOTO Chicago 2014,youtube,no,likely_present_by_title,0.90,youtube-soEOxJ3crRk,Interview with Courtney Hemphill on Mixing Lean & Agile Development at GOTO Chicago 2014,Interview with Courtney Hemphill on Mixing Lean & Agile Development at GOTO Chicago 2014,"",""
Culley Smith,"","vimeo,youtube",no,present_by_platform_id,0.90,culley-smith-software-craftsmanship-north-america-2012,Culley Smith,Culley Smith | Interview with Culley Smith,http://vimeo.com/54327166,""
Dan North,"",youtube,no,likely_present_by_title,0.90,interview-with-dan-north-general,Interview with Dan North,Interview with Dan North,"",""
Daniel X. O'Neil,"","vimeo,youtube",no,present_by_platform_id,0.90,daniel-x-o-neil-general,Daniel X. O'Neil,Daniel X. O'Neil | Interview with Daniel X. O'Neil,http://vimeo.com/67125707,""
Dave Duggal,GOTO Chicago 2015,youtube,no,likely_present_by_title,0.90,interview-with-dave-duggal-goto-chicago-2015-general,Interview with Dave Duggal @ GOTO Chicago 2015,Interview with Dave Duggal @ GOTO Chicago 2015,"",""
Dave Hoover,"",youtube,no,likely_present_by_title,0.90,dave-hoover-geekfest-geekfest,Geekfest w/Dave Hoover,Interview with Dave Hoover,"",""
Dave Thomas,"",youtube,no,likely_present_by_title,0.90,dave-thomas-goto-conference-and-community-goto-conference-and-community,GOTO Conference and Community w/Dave Thomas,Interview with Dave Thomas,"",""
Dave Thomas.mp4,"",vimeo,no,present_by_platform_id,0.33,interview-with-dave-thomas-general,Interview with Dave Thomas,Dave Thomas.mp4,http://vimeo.com/90550222,""
David Dickinson and Ross Beehler,"",youtube,no,likely_present_by_title,0.90,interview-with-david-dickinson-and-ross-beehler-general,Interview with David Dickinson and Ross Beehler,Interview with David Dickinson and Ross Beehler,"",""
David Heinemeier Hansson (DHH),"",youtube,no,likely_present_by_title,0.90,david-heinemeier-hansson-dhh-railsconf-2014,Interview with David Heinemeier Hansson (DHH) at RailsConf 2014,Interview with David Heinemeier Hansson (DHH),"",""
DC Alt.NET w/Max Lancaster,"",vimeo,no,present_by_platform_id,0.90,max-lancaster-dc-alt-net-software-craftsmanship-north-america-2011,DC Alt.NET w/Max Lancaster,DC Alt.NET w/Max Lancaster,http://vimeo.com/32390975,""
Dean Wampler,"",youtube,no,likely_present_by_title,0.90,interview-with-dean-wampler-general,Interview with Dean Wampler,Interview with Dean Wampler,"",""
Dean Wampler,GOTO Chicago 2015,youtube,no,likely_present_by_title,0.90,interview-with-dean-wampler-general,Interview with Dean Wampler,Interview with Dean Wampler @ GOTO Chicago 2015,"",""
Denver Community w/Charler Baker,"",vimeo,no,present_by_platform_id,0.90,charler-baker-denver-community-software-craftsmanship-north-america-2011,Denver Community w/Charler Baker,Denver Community w/Charler Baker,http://vimeo.com/32391086,""
Drew Shefman,"",youtube,no,likely_present_by_title,0.90,drew-shefman-houston-adobe-user-group-software-craftsmanship-north-america-2011,Houston Adobe User Group w/Drew Shefman,Interview with Drew Shefman,"",""
Dustin Updyke,"",youtube,no,likely_present_by_title,0.90,dustin-updyke-pittsburgh-sc-software-craftsmanship-north-america-2011,Pittsburgh SC w/Dustin Updyke,Interview with Dustin Updyke,"",""
Emily Rosengren on User Groups and ThoughtWorks,GOTO Chicago 2014,youtube,no,likely_present_by_title,0.90,youtube-aeBNVfEKqLI,Interview with Emily Rosengren on User Groups and ThoughtWorks at GOTO Chicago 2014,Interview with Emily Rosengren on User Groups and ThoughtWorks at GOTO Chicago 2014,"",""
Eric Kingery,"",youtube,no,likely_present_by_title,0.90,interview-with-eric-kingery-general,Interview with Eric Kingery,Interview with Eric Kingery,"",""
Eric MacAdie,"","vimeo,youtube",no,present_by_platform_id,0.90,eric-macadie-windycityrails-2012,Eric MacAdie,Eric MacAdie | Interview with Eric MacAdie,http://vimeo.com/49275714,""
Erik Meijer creator Reactive Framework,GOTO Chicago 2013,youtube,no,likely_present_by_title,0.90,erik-meijer-creator-reactive-framework-general,Interview with Erik Meijer creator Reactive Framework at GOTO Chicago 2013,Interview with Erik Meijer creator Reactive Framework at GOTO Chicago 2013,"",""
Evan Light,"","vimeo,youtube",no,present_by_platform_id,0.90,evan-light-windycityrails-2012,Evan Light,Evan Light | Interview with Evan Light,http://vimeo.com/49282610,""
Evan Light founder DCamp,RailsConf 2014,youtube,no,likely_present_by_title,0.90,evan-light-founder-dcamp-railsconf-2014,Interview with Evan Light founder DCamp at RailsConf 2014,Interview with Evan Light founder DCamp at RailsConf 2014,"",""
Evan Phoenix creator of Rubinius Ruby VM and Puma App Se,"",youtube,no,likely_present_by_title,0.90,evan-phoenix-creator-of-rubinius-ruby-vm-puma-app-se-railsconf-2014,Interview with Evan Phoenix creator of Rubinius Ruby VM and Puma App Se,Interview with Evan Phoenix creator of Rubinius Ruby VM and Puma App Se,"",""
Farrah Bostic founder The Difference Engine and a keynot,"",youtube,no,likely_present_by_title,0.90,farrah-bostic-founder-the-difference-engine-and-keynot-railsconf-2014,Interview with Farrah Bostic founder The Difference Engine and a keynot,Interview with Farrah Bostic founder The Difference Engine and a keynot,"",""
Fred George on Programmer Anarchy,GOTO Chicago 2014,youtube,no,likely_present_by_title,0.90,youtube-iNXlpw_C3Lg,Interview with Fred George on Programmer Anarchy at GOTO Chicago 2014,Interview with Fred George on Programmer Anarchy at GOTO Chicago 2014,"",""
Fred Guime organizer Chicago Java UG,GOTO Chicago 2014,youtube,no,likely_present_by_title,0.90,youtube-z5TjpgZ9xno,Interview with Fred Guime organizer Chicago Java UG at GOTO Chicago 2014,Interview with Fred Guime organizer Chicago Java UG at GOTO Chicago 2014,"",""
Gary Bernhardt,"",vimeo,no,present_by_platform_id,0.90,gary-bernhardt-software-craftsmanship-north-america-2012,Gary Bernhardt,Gary Bernhardt,http://vimeo.com/54327168,""
"Gary Bernhardt creator ""Destroy All Software""",SCNA Chicago,youtube,no,likely_present_by_title,0.90,interview-with-gary-bernhardt-creator-destroy-all-software-at-scna-chicago-general,"Interview with Gary Bernhardt creator ""Destroy All Software"" at SCNA Chicago","Interview with Gary Bernhardt creator ""Destroy All Software"" at SCNA Chicago","",""
Gathers.us and ChicagoDB with Ethan Gunderson and Ryan Briones,"",vimeo,no,present_by_platform_id,1.00,ethan-gunderson-ryan-briones-gathers-us-and-chicagodb-gathers-us-and-chicagodb,Gathers.us and ChicagoDB with Ethan Gunderson and Ryan Briones,Gathers.us and ChicagoDB with Ethan Gunderson and Ryan Briones,http://vimeo.com/47188414,""
Geekfest w/Dave Hoover,"",vimeo,no,present_by_platform_id,1.00,dave-hoover-geekfest-geekfest,Geekfest w/Dave Hoover,Geekfest w/Dave Hoover,http://vimeo.com/41101410,""
Gil Tene  Azul CTO & JavaOne Rock Star,GOTO Chicago 2,youtube,no,likely_present_by_title,0.90,interview-with-gil-tene-azul-cto-javaone-rock-star-goto-chicago-2-general,Interview with Gil Tene  Azul CTO & JavaOne Rock Star @ GOTO Chicago 2,Interview with Gil Tene  Azul CTO & JavaOne Rock Star @ GOTO Chicago 2,"",""
Giles Bowkett,"",youtube,no,likely_present_by_title,0.90,interview-with-giles-bowkett-author-rails-general,"Interview with Giles Bowkett author ""Rails",Interview with Giles Bowkett,"",""
"Giles Bowkett author ""Rails","",youtube,no,likely_present_by_title,0.90,interview-with-giles-bowkett-author-rails-general,"Interview with Giles Bowkett author ""Rails","Interview with Giles Bowkett author ""Rails","",""
Ginny Hendry,"","vimeo,youtube",no,present_by_platform_id,0.90,ginny-hendry-windycityrails-2012,Ginny Hendry,Ginny Hendry | Interview with Ginny Hendry,http://vimeo.com/49275719,""
GOTO Conference and Community w/Dave Thomas,"",vimeo,no,present_by_platform_id,1.00,dave-thomas-goto-conference-and-community-goto-conference-and-community,GOTO Conference and Community w/Dave Thomas,GOTO Conference and Community w/Dave Thomas,http://vimeo.com/40984205,""
Greg Baugues on Mental Health in Tech,RailsConf 2014,youtube,no,missing,0.20,coraline-ada-ehmke-artis-railsconf-2014,Interview with Coraline Ada Ehmke on Artis,Interview with Greg Baugues on Mental Health in Tech at RailsConf 2014,"",""
Hadi Hariri,"",youtube,no,likely_present_by_title,0.90,interview-with-hadi-hariri-general,Interview with Hadi Hariri,Interview with Hadi Hariri,"",""
Houston Adobe User Group w/Drew Shefman,"",vimeo,no,present_by_platform_id,0.90,drew-shefman-houston-adobe-user-group-software-craftsmanship-north-america-2011,Houston Adobe User Group w/Drew Shefman,Houston Adobe User Group w/Drew Shefman,http://vimeo.com/32390353,""
"How to say ""UGtastic"".","",vimeo,no,present_by_platform_id,0.90,how-to-say-ugtastic-general,"How to say ""UGtastic"".","How to say ""UGtastic"".",http://vimeo.com/48662956,""
Igor Polevoy,"","vimeo,youtube",no,present_by_platform_id,0.90,igor-polevoy-general,Igor Polevoy,Igor Polevoy | Interview with Igor Polevoy,http://vimeo.com/51479402,""
James Edward Gray II,"",youtube,no,likely_present_by_title,0.90,interview-with-james-edward-gray-ii-general,Interview with James Edward Gray II,Interview with James Edward Gray II,"",""
James Edward Grey III,"",vimeo,no,present_by_platform_id,0.90,james-edward-grey-iii-general,James Edward Grey III,James Edward Grey III,http://vimeo.com/63577939,""
JC Grubbs,"",youtube,no,likely_present_by_title,0.90,jc-grubbs-chicagowebconf-2012,JC Grubbs,Interview with JC Grubbs,"",""
JC Grubbs.mov,"",vimeo,no,present_by_platform_id,0.29,jc-grubbs-chicagowebconf-2012,JC Grubbs,JC Grubbs.mov,http://vimeo.com/50904089,""
Jen Lindner and Milan Dobrota,"",youtube,no,likely_present_by_title,0.90,interview-with-jen-lindner-and-milan-dobrota-general,Interview with Jen Lindner and Milan Dobrota,Interview with Jen Lindner and Milan Dobrota,"",""
Jen Meyers,"",vimeo,no,present_by_platform_id,0.90,jen-meyers-software-craftsmanship-north-america-2012,Jen Meyers,Jen Meyers,http://vimeo.com/54327170,""
Jen Myers,"",youtube,no,likely_present_by_title,0.90,interview-with-jen-myers-general,Interview with Jen Myers,Interview with Jen Myers,"",""
Jez Humble on DevOps culture,GOTO Chicago 2014,youtube,no,likely_present_by_title,0.90,youtube-vbZjw_Sw73M,Interview with Jez Humble on DevOps culture at GOTO Chicago 2014,Interview with Jez Humble on DevOps culture at GOTO Chicago 2014,"",""
Jim Remsik,"","vimeo,youtube",no,present_by_platform_id,0.90,jim-remsik-windycityrails-2012,Jim Remsik,Jim Remsik | Interview with Jim Remsik,http://vimeo.com/49265041,""
Jim Suchy and Steve Kim,"",youtube,no,likely_present_by_title,0.90,steve-kim-jim-suchy-chicago-software-craftsmanship-chicago-software-craftsmanship,Chicago Software Craftsmanship w/Steve Kim and Jim Suchy,Interview with Jim Suchy and Steve Kim,"",""
Joe Hirn,"","vimeo,youtube",no,present_by_platform_id,0.90,joe-hirn-chicagowebconf-2012,Joe Hirn,Joe Hirn | Interview with Joe Hirn,http://vimeo.com/50904088,""
Joel Clermont,"","vimeo,youtube",no,present_by_platform_id,0.90,joel-clermont-general,Joel Clermont,Joel Clermont | Interview with Joel Clermont,http://vimeo.com/63577944,""
"Joel Turnbull on his ""Debugger Driven Development"" talk","",youtube,no,likely_present_by_title,0.90,joel-turnbull-debugger-driven-development-talk-railsconf-2014,"Interview with Joel Turnbull on his ""Debugger Driven Development"" talk","Interview with Joel Turnbull on his ""Debugger Driven Development"" talk","",""
John Jarosz & Coleman Collins on building ecosystems,GOTO Chicago 2014,youtube,no,likely_present_by_title,0.90,youtube-KAEUffnMB8o,Interview with John Jarosz & Coleman Collins on building ecosystems at GOTO Chicago 2014,Interview with John Jarosz & Coleman Collins on building ecosystems at GOTO Chicago 2014,"",""
John Servin,"",youtube,no,likely_present_by_title,0.90,interview-with-john-servin-general,Interview with John Servin,Interview with John Servin,"",""
Jonathan Baltz,"",youtube,no,likely_present_by_title,0.90,jonathan-baltz-chicagowebconf-2012,Jonathan Baltz,Interview with Jonathan Baltz,"",""
Jonathan Baltz.mov,"",vimeo,no,present_by_platform_id,0.29,jonathan-baltz-chicagowebconf-2012,Jonathan Baltz,Jonathan Baltz.mov,http://vimeo.com/50904090,""
Justin Collins creator of Brakeman,RailsConf 2014,youtube,no,likely_present_by_title,0.90,justin-collins-creator-of-brakeman-railsconf-2014,Interview with Justin Collins creator of Brakeman at RailsConf 2014,Interview with Justin Collins creator of Brakeman at RailsConf 2014,"",""
Justin Love,"","vimeo,youtube",no,present_by_platform_id,0.90,justin-love-windycityrails-2012,Justin Love,Justin Love | Interview with Justin Love,http://vimeo.com/48999117,""
Justin Searls,"","vimeo,youtube",no,present_by_platform_id,0.90,justin-searls-software-craftsmanship-north-america-2012,Justin Searls,Justin Searls | Interview with Justin Searls,http://vimeo.com/57935124,""
Katrina Owen,"",youtube,no,likely_present_by_title,0.90,interview-with-katrina-owen-general,Interview with Katrina Owen,Interview with Katrina Owen,"",""
Ken Auer,"",youtube,no,likely_present_by_title,0.90,interview-with-ken-auer-general,Interview with Ken Auer,Interview with Ken Auer,"",""
Kevin Zolkiewicz,"",youtube,no,likely_present_by_title,0.90,kevin-zolkiewicz-general,Interview with Kevin Zolkiewicz,Interview with Kevin Zolkiewicz,"",""
Kevin Zolkiewiecz,"",vimeo,no,present_by_platform_id,0.90,kevin-zolkiewiecz-windycityrails-2012,Kevin Zolkiewiecz,Kevin Zolkiewiecz,http://vimeo.com/49275715,""
Kresten Thorup,"",youtube,no,likely_present_by_title,0.90,interview-with-kresten-thorup-general,Interview with Kresten Thorup,Interview with Kresten Thorup,"",""
Kumar McMillan,"",youtube,no,likely_present_by_title,0.90,kumar-mcmillan-general,Interview with Kumar McMillan,Interview with Kumar McMillan,"",""
Kumar McMillian.mov,"",vimeo,no,present_by_platform_id,0.40,kumar-mcmillian-chicagowebconf-2012,Kumar McMillian,Kumar McMillian.mov,http://vimeo.com/50904086,""
Lake County .NET User Group (LCNUG) w/Scott Seely,"",vimeo,no,present_by_platform_id,1.00,scott-seely-lake-county-net-user-group-lcnug-lake-county-net-user-group-lcnug,Lake County .NET User Group (LCNUG) w/Scott Seely,Lake County .NET User Group (LCNUG) w/Scott Seely,http://vimeo.com/38713714,""
Leon Gersing,"","vimeo,youtube",no,present_by_platform_id,0.90,leon-gersing-software-craftsmanship-north-america-2012,Leon Gersing,Leon Gersing | Interview with Leon Gersing,http://vimeo.com/54327315,""
London Software Craftsmanship,"",vimeo,no,present_by_platform_id,0.90,london-software-craftsmanship-software-craftsmanship-north-america-2011,London Software Craftsmanship,London Software Craftsmanship,http://vimeo.com/32390835,""
Mandi Walls,"",youtube,no,likely_present_by_title,0.90,interview-with-mandi-walls-general,Interview with Mandi Walls,Interview with Mandi Walls,"",""
Mark Simpson,"","vimeo,youtube",no,present_by_platform_id,0.90,mark-simpson-software-craftsmanship-north-america-2012,Mark Simpson,Mark Simpson | Interview with Mark Simpson,http://vimeo.com/54327317,""
Martin Atkins,"","vimeo,youtube",no,present_by_platform_id,0.90,martin-atkins-chicagowebconf-2012,Martin Atkins,Martin Atkins | Interview with Martin Atkins,http://vimeo.com/50904091,""
Matt Polito,"","vimeo,youtube",no,present_by_platform_id,0.90,matt-polito-software-craftsmanship-north-america-2012,Matt Polito,Matt Polito | Interview with Matt Polito,http://vimeo.com/54327318,""
Matt Ruby creator of Vooza,"",youtube,no,likely_present_by_title,0.90,interview-with-matt-ruby-creator-of-vooza-general,Interview with Matt Ruby creator of Vooza,Interview with Matt Ruby creator of Vooza,"",""
Max De Marzi organizer Graph DB Chicago,GOTO Chicago 2014,youtube,no,likely_present_by_title,0.90,youtube-fW76Pkj5bo0,Interview with Max De Marzi organizer Graph DB Chicago at GOTO Chicago 2014,Interview with Max De Marzi organizer Graph DB Chicago at GOTO Chicago 2014,"",""
Max Lancaster,"",youtube,no,likely_present_by_title,0.90,max-lancaster-dc-alt-net-software-craftsmanship-north-america-2011,DC Alt.NET w/Max Lancaster,Interview with Max Lancaster,"",""
Melissa Castello,"",youtube,no,likely_present_by_title,0.90,melissa-castello-chicagowebconf-2012,Melissa Castello,Interview with Melissa Castello,"",""
Melissa Castello.mov,"",vimeo,no,present_by_platform_id,0.40,melissa-castello-chicagowebconf-2012,Melissa Castello,Melissa Castello.mov,http://vimeo.com/50904087,""
Micah Martin,"",youtube,no,likely_present_by_title,0.90,micah-martin-software-craftsmanship-north-america-2013,Micah Martin,Interview with Micah Martin,"",""
Micah Martin.mp4,"",vimeo,no,present_by_platform_id,0.33,interview-with-micah-martin-general,Interview with Micah Martin,Micah Martin.mp4,http://vimeo.com/91379724,""
Michael Eaton,"","vimeo,youtube",no,present_by_platform_id,0.90,michael-eaton-general,Michael Eaton,Michael Eaton | Interview with Michael Eaton,http://vimeo.com/64936135,""
Michael Ficarra,"",youtube,no,likely_present_by_title,0.90,interview-with-michael-ficarra-general,Interview with Michael Ficarra,Interview with Michael Ficarra,"",""
Michael Norton,"",youtube,no,likely_present_by_title,0.90,michael-norton-cleveland-pittsburgh-community-software-craftsmanship-north-america-2011,Cleveland & Pittsburgh Community w/Michael Norton,Interview with Michael Norton,"",""
Michael T  Nygard looking back on five years of DevOps,GOTO Chicago 2014,youtube,no,likely_present_by_title,0.90,youtube-FwqdaF4lmzk,Interview with Michael T. Nygard looking back on five years of DevOps at GOTO Chicago 2014,Interview with Michael T  Nygard looking back on five years of DevOps at GOTO Chicago 2014,"",""
Mike Burton,"",youtube,no,likely_present_by_title,0.90,interview-with-mike-burton-general,Interview with Mike Burton,Interview with Mike Burton,"",""
Mike Busch,"","vimeo,youtube",no,present_by_platform_id,0.90,mike-busch-general,Mike Busch,Mike Busch | Interview with Mike Busch,http://vimeo.com/49617208,""
Mike Clement,"","vimeo,youtube",no,present_by_platform_id,0.90,mike-clement-software-craftsmanship-north-america-2012,Mike Clement,Mike Clement | Interview with Mike Clement,http://vimeo.com/54327319,""
Mike Jansen,"","vimeo,youtube",no,present_by_platform_id,0.90,mike-jansen-software-craftsmanship-north-america-2012,Mike Jansen,Mike Jansen | Interview with Mike Jansen,http://vimeo.com/53481782,""
Mike Lee,"",youtube,no,likely_present_by_title,0.90,interview-with-mike-lee-general,Interview with Mike Lee,Interview with Mike Lee,"",""
Mike Miller,"",youtube,no,likely_present_by_title,0.90,interview-with-mike-miller-general,Interview with Mike Miller,Interview with Mike Miller,"",""
Mike Stringer,"","vimeo,youtube",no,present_by_platform_id,0.90,mike-stringer-general,Mike Stringer,Mike Stringer | Interview with Mike Stringer,http://vimeo.com/64957012,""
Milan Dobrota & Jen Lindner,"",vimeo,no,present_by_platform_id,0.90,milan-dobrota-jen-lindner-windycityrails-2012,Milan Dobrota & Jen Lindner,Milan Dobrota & Jen Lindner,http://vimeo.com/49013253,""
Movie on 9-6-12 at 1.05 PM,"",vimeo,no,present_by_platform_id,0.90,movie-on-9-6-12-at-1-05-pm-windycityrails-2012,Movie on 9-6-12 at 1.05 PM,Movie on 9-6-12 at 1.05 PM,http://vimeo.com/49265040,""
Noel Rappin,"","vimeo,youtube",no,present_by_platform_id,0.90,noel-rappin-windycityrails-2012,Noel Rappin,Noel Rappin | Interview with Noel Rappin,http://vimeo.com/49282612,""
Obie Fernandez author The Rails Way & co-founder Hashrocket,"",youtube,no,likely_present_by_title,0.90,obie-fern-ez-author-the-rails-way-co-founder-hashrocket-railsconf-2014,Interview with Obie Fernandez author The Rails Way & co-founder Hashrocket,Interview with Obie Fernandez author The Rails Way & co-founder Hashrocket,"",""
Ola Bini,"",youtube,no,likely_present_by_title,0.90,interview-with-ola-bini-creator-of-ioke-and-jruby-contributor-general,Interview with Ola Bini creator of Ioke and JRuby contributor,Interview with Ola Bini,"",""
Ola Bini creator of Ioke and JRuby contributor,"",youtube,no,likely_present_by_title,0.90,interview-with-ola-bini-creator-of-ioke-and-jruby-contributor-general,Interview with Ola Bini creator of Ioke and JRuby contributor,Interview with Ola Bini creator of Ioke and JRuby contributor,"",""
Pat Paasch and Clark Sell,"",youtube,no,likely_present_by_title,0.90,interview-with-pat-paasch-and-clark-sell-general,Interview with Pat Paasch and Clark Sell,Interview with Pat Paasch and Clark Sell,"",""
Patrick Welsh,"","vimeo,youtube",no,present_by_platform_id,0.90,patrick-welsh-software-craftsmanship-north-america-2012,Patrick Welsh,Patrick Welsh | Interview with Patrick Welsh,http://vimeo.com/54327047,""
Paul Baker,"","vimeo,youtube",no,present_by_platform_id,0.90,paul-baker-general,Paul Baker,Paul Baker | Interview with Paul Baker,http://vimeo.com/50340303,""
Pittsburgh SC w/Dustin Updyke,"",vimeo,no,present_by_platform_id,0.90,dustin-updyke-pittsburgh-sc-software-craftsmanship-north-america-2011,Pittsburgh SC w/Dustin Updyke,Pittsburgh SC w/Dustin Updyke,http://vimeo.com/32400938,""
Rafael França a 2014 Ruby Hero,RailsConf 2014,youtube,no,likely_present_by_title,0.90,rafael-fran-a-2014-ruby-hero-railsconf-2014,Interview with Rafael França a 2014 Ruby Hero at RailsConf 2014,Interview with Rafael França a 2014 Ruby Hero at RailsConf 2014,"",""
Randy Ellis,"",youtube,no,likely_present_by_title,0.90,interview-with-randy-ellis-general,Interview with Randy Ellis,Interview with Randy Ellis,"",""
Ray Hightower,"",youtube,no,likely_present_by_title,0.90,ray-hightower-chicagoruby-software-craftsmanship-north-america-2011,ChicagoRuby w/Ray Hightower,Interview with Ray Hightower,"",""
Rebecca Parsons,GOTO Chicago 2015,youtube,no,likely_present_by_title,0.90,interview-with-rebecca-parsons-goto-chicago-2015-general,Interview with Rebecca Parsons @ GOTO Chicago 2015,Interview with Rebecca Parsons @ GOTO Chicago 2015,"",""
"Refresh Chicago w/John, Shay & Tony","",vimeo,no,present_by_platform_id,1.00,john-shay-tony-refresh-chicago-refresh-chicago,"Refresh Chicago w/John, Shay & Tony","Refresh Chicago w/John, Shay & Tony",http://vimeo.com/41046897,""
Rich Hickey creator of Clojure,GOTO Chicago 2013,youtube,no,likely_present_by_title,0.90,rich-hickey-creator-of-clojure-general,Interview with Rich Hickey creator of Clojure at GOTO Chicago 2013,Interview with Rich Hickey creator of Clojure at GOTO Chicago 2013,"",""
Richard Lee a contributor to OpenStack,GOTO Chicago 2014,youtube,no,likely_present_by_title,0.90,youtube-7EpWuB60zrg,Interview with Richard Lee a contributor to OpenStack at GOTO Chicago 2014,Interview with Richard Lee a contributor to OpenStack at GOTO Chicago 2014,"",""
Richard Schneeman a hacker,Heroku and avid F/OSS contributor at RailsConf 2014,youtube,no,likely_present_by_title,0.90,richard-schneeman-hacker-at-heroku-and-avid-f-oss-contributor-railsconf-2014,Interview with Richard Schneeman a hacker at Heroku and avid F/OSS contributor at RailsConf 2014,Interview with Richard Schneeman a hacker at Heroku and avid F/OSS contributor at RailsConf 2014,"",""
Rob Reynolds,"",youtube,no,likely_present_by_title,0.90,interview-with-rob-reynolds-general,Interview with Rob Reynolds,Interview with Rob Reynolds,"",""
"Robert ""Uncle Bob"" Martin","",youtube,no,likely_present_by_title,0.90,interview-with-robert-uncle-bob-martin-general,"Interview with Robert ""Uncle Bob"" Martin","Interview with Robert ""Uncle Bob"" Martin","",""
Robert Martin,"",vimeo,no,present_by_platform_id,0.90,robert-martin-software-craftsmanship-north-america-2012,Robert Martin,Robert Martin,http://vimeo.com/54327051,""
Russ Olsen author Eloquent Ruby,GOTO Chicago 2014,youtube,no,likely_present_by_title,0.90,youtube-wjB2Q7zn74I,Interview with Russ Olsen author Eloquent Ruby at GOTO Chicago 2014,Interview with Russ Olsen author Eloquent Ruby at GOTO Chicago 2014,"",""
Ryan Briones and Ethan Gunderson,"",youtube,no,likely_present_by_title,0.90,ethan-gunderson-ryan-briones-gathers-us-and-chicagodb-gathers-us-and-chicagodb,Gathers.us and ChicagoDB with Ethan Gunderson and Ryan Briones,Interview with Ryan Briones and Ethan Gunderson,"",""
Ryan Gerry organizer with Software Craftsmanship McHenry County,GOTO Chicago 2014,youtube,no,likely_present_by_title,0.90,youtube-gBQfB84aqW4,Interview with Ryan Gerry organizer with Software Craftsmanship McHenry County at GOTO Chicago 2014,Interview with Ryan Gerry organizer with Software Craftsmanship McHenry County at GOTO Chicago 2014,"",""
Ryan Singer,"","vimeo,youtube",no,present_by_platform_id,0.90,ryan-singer-windycityrails-2012,Ryan Singer,Ryan Singer | Interview with Ryan Singer,http://vimeo.com/49265046,""
Ryan Slobojan,"",youtube,no,likely_present_by_title,0.90,interview-with-ryan-slobojan-general,Interview with Ryan Slobojan,Interview with Ryan Slobojan,"",""
Sam Serpoosh,"","vimeo,youtube",no,present_by_platform_id,0.90,sam-serpoosh-general,Sam Serpoosh,Sam Serpoosh | Interview with Sam Serpoosh,http://vimeo.com/64913673,""
Sandro Mancuso,"","vimeo,youtube",no,present_by_platform_id,0.90,sandro-mancuso-software-craftsmanship-north-america-2012,Sandro Mancuso,Sandro Mancuso | Interview with Sandro Mancuso,http://vimeo.com/54327320,""
Sandro Mancuso and Tom Brand,"",youtube,no,likely_present_by_title,0.90,interview-with-sandro-mancuso-and-tom-brand-general,Interview with Sandro Mancuso and Tom Brand,Interview with Sandro Mancuso and Tom Brand,"",""
Sandro Mancuso.mp4,"",vimeo,no,present_by_platform_id,0.33,sandro-mancuso-general,Interview with Sandro Mancuso,Sandro Mancuso.mp4,http://vimeo.com/91379726,""
Sarah Allen & Desi McAdam,"",vimeo,no,present_by_platform_id,0.90,sarah-allen-desi-mcadam-software-craftsmanship-north-america-2012,Sarah Allen & Desi McAdam,Sarah Allen & Desi McAdam,http://vimeo.com/54327412,""
Sarah Allen and Desi McAdam,"",youtube,no,likely_present_by_title,0.90,interview-with-sarah-allen-and-desi-mcadam-general,Interview with Sarah Allen and Desi McAdam,Interview with Sarah Allen and Desi McAdam,"",""
Sarah Gray,"",youtube,no,likely_present_by_title,0.90,sarah-gray-software-craftsmanship-north-america-2013,Sarah Gray,Interview with Sarah Gray,"",""
Sarah Gray.mp4,"",vimeo,no,present_by_platform_id,0.33,interview-with-sarah-gray-general,Interview with Sarah Gray,Sarah Gray.mp4,http://vimeo.com/91379725,""
Scott Seely,"",youtube,no,likely_present_by_title,0.90,scott-seely-lake-county-net-user-group-lcnug-lake-county-net-user-group-lcnug,Lake County .NET User Group (LCNUG) w/Scott Seely,Interview with Scott Seely,"",""
Sean Massa & Todd Larsen,"",vimeo,no,present_by_platform_id,0.90,sean-massa-todd-larsen-general,Sean Massa & Todd Larsen,Sean Massa & Todd Larsen,http://vimeo.com/49874036,""
Sean Massa and Todd Larsen,"",youtube,no,likely_present_by_title,0.90,interview-with-sean-massa-and-todd-larsen-general,Interview with Sean Massa and Todd Larsen,Interview with Sean Massa and Todd Larsen,"",""
Sergio Pereira,"",youtube,no,likely_present_by_title,0.90,sergio-pereira-chicago-alt-net-software-craftsmanship-north-america-2011,Chicago Alt.NET w/Sergio Pereira,Interview with Sergio Pereira,"",""
South Bend Software Craftsmanship w/Ross,"",vimeo,no,present_by_platform_id,0.90,ross-south-bend-software-craftsmanship-software-craftsmanship-north-america-2011,South Bend Software Craftsmanship w/Ross,South Bend Software Craftsmanship w/Ross,http://vimeo.com/32390729,""
South Sound .NET w/Bobby Johnson,"",vimeo,no,present_by_platform_id,0.90,bobby-johnson-south-sound-net-software-craftsmanship-north-america-2011,South Sound .NET w/Bobby Johnson,South Sound .NET w/Bobby Johnson,http://vimeo.com/32401050,""
Stephen Anderson,"","vimeo,youtube",no,present_by_platform_id,0.90,stephen-anderson-software-craftsmanship-north-america-2013,Stephen Anderson,Stephen Anderson | Interview with Stephen Anderson,http://vimeo.com/49275717,""
Stephen Anderson.mp4,"",vimeo,no,present_by_platform_id,0.33,interview-with-stephen-anderson-general,Interview with Stephen Anderson,Stephen Anderson.mp4,http://vimeo.com/89909955,""
Steve Klabnik,"","vimeo,youtube",no,present_by_platform_id,0.90,steve-klabnik-windycityrails-2012,Steve Klabnik,Steve Klabnik | Interview with Steve Klabnik,http://vimeo.com/49282611,""
Stuart Halloway,"",youtube,no,likely_present_by_title,0.90,stuart-halloway-software-craftsmanship-north-america-2013,Stuart Halloway,Interview with Stuart Halloway,"",""
Stuart Halloway.mp4,"",vimeo,no,present_by_platform_id,0.33,interview-with-stuart-halloway-general,Interview with Stuart Halloway,Stuart Halloway.mp4,http://vimeo.com/91379723,""
Tim Bray co inventor XML,GOTO  Chicago 2014,youtube,no,likely_present_by_title,0.90,youtube-tAHBuD_tntI,Interview with Tim Bray co-inventor XML at GOTO Chicago 2014,Interview with Tim Bray co inventor XML at GOTO  Chicago 2014,"",""
Tim Murphy,"","vimeo,youtube",no,present_by_platform_id,0.90,tim-murphy-software-craftsmanship-north-america-2012,Tim Murphy,Tim Murphy | Interview with Tim Murphy,http://vimeo.com/54327413,""
Tim Ottinger,"","vimeo,youtube",no,present_by_platform_id,0.90,tim-ottinger-general,Tim Ottinger,Tim Ottinger | Interview with Tim Ottinger,http://vimeo.com/52073144,""
Yehuda Katz & Tom Dale creators of Ember js and,RailsConf 2014,youtube,no,likely_present_by_title,0.90,yehuda-katz-tom-dale-creators-of-ember-js-railsconf-2014,Interview with Yehuda Katz & Tom Dale creators of Ember js and  at RailsConf 2014,Interview with Yehuda Katz & Tom Dale creators of Ember js and  at RailsConf 2014,"",""
Zach Dennis,"","vimeo,youtube",no,present_by_platform_id,0.90,zach-dennis-software-craftsmanship-north-america-2012,Zach Dennis,Zach Dennis | Interview with Zach Dennis,http://vimeo.com/54327414,""
Zach Shaw,"",youtube,no,likely_present_by_title,0.90,zach-shaw-boston-sc-software-craftsmanship-north-america-2011,Boston SC w/Zach Shaw,Interview with Zach Shaw,"",""
Zachary Shaw,"",youtube,no,likely_present_by_title,0.90,interview-with-zachary-shaw-general,Interview with Zachary Shaw,Interview with Zachary Shaw,"",""
